method,sample,primitive,present_gt,area,corr,pred
geodesic,1,flip_h,0,8.51399430598113,0.7189971579148303,0
geodesic,1,flip_v,1,20.12166807753463,0.40184804720913964,1
geodesic,1,rotate,1,6.899403433516459,0.6678855042442373,0
stock,1,flip_h,0,951.9721515955257,0.9226571322622849,1
stock,1,flip_v,1,901.1972917787685,0.9527939961416654,1
stock,1,rotate,1,859.1521906007968,0.8911968116279656,1
geodesic,2,flip_h,1,16.017581626302174,0.502275498902663,0
geodesic,2,flip_v,0,18.89294938132494,0.530765900337635,1
geodesic,2,rotate,1,11.565059087418177,0.4346825497052862,0
stock,2,flip_h,1,416.26104650547444,0.9008543023772165,1
stock,2,flip_v,0,409.0090083349532,0.972374331249116,1
stock,2,rotate,1,412.9780681686135,0.9562361085150756,1
geodesic,3,flip_h,1,67.29846974929546,0.6331810747112476,1
geodesic,3,flip_v,1,6.607935842954896,0.4995884122468403,0
geodesic,3,rotate,1,7.038072279029399,0.535919784370852,0
stock,3,flip_h,1,416.1813552832647,0.9597514143652411,1
stock,3,flip_v,1,638.6552529126512,0.9846207877085476,1
stock,3,rotate,1,636.9411885868085,0.9169721763622665,1
geodesic,4,flip_h,1,19.54569374891657,0.5468109647003585,1
geodesic,4,flip_v,1,76.4267557595352,-0.08276997052829442,0
geodesic,4,rotate,1,17.954699374052353,0.5704225800653069,0
stock,4,flip_h,1,255.01781657481337,0.8616190435842062,1
stock,4,flip_v,1,200.10606866154836,0.8741475777243539,1
stock,4,rotate,1,259.00860955317216,0.7994104447962925,1
geodesic,5,flip_h,1,14.61522682064296,0.4869108780355475,0
geodesic,5,flip_v,1,17.261017158423115,0.6452678905182785,0
geodesic,5,rotate,1,38.26991435295661,0.6905192742306661,1
stock,5,flip_h,1,264.4710983046849,0.9746412898522545,1
stock,5,flip_v,1,259.7615976073917,0.9672912887455357,1
stock,5,rotate,1,239.72799749058373,0.9704671452768705,1
geodesic,6,flip_h,1,9.260104666188889,-0.8094320884969198,0
geodesic,6,flip_v,1,14.297544101442446,0.44287473906153774,0
geodesic,6,rotate,0,20.46997232412153,0.4708809280071949,1
stock,6,flip_h,1,467.1042011452594,0.9839570102199476,1
stock,6,flip_v,1,515.550149950363,0.9724700512389924,1
stock,6,rotate,0,405.61990410315286,0.9735841773436597,1
geodesic,7,flip_h,1,26.77445647716604,-0.8687222210630566,0
geodesic,7,flip_v,1,47.21562503663594,-0.8827804329746163,0
geodesic,7,rotate,0,19.73270802640312,0.6111874166693185,1
stock,7,flip_h,1,351.96395091917935,0.9784236447592358,1
stock,7,flip_v,1,341.34003970514016,0.7160831864199216,1
stock,7,rotate,0,346.51923510758525,0.956239582620829,1
geodesic,8,flip_h,1,74.92054688242763,0.6307790938232872,1
geodesic,8,flip_v,1,8.765662034280986,0.6336651614130931,0
geodesic,8,rotate,1,9.081674620028625,0.4292303666577042,0
stock,8,flip_h,1,491.8757360338884,0.8515879544542402,1
stock,8,flip_v,1,569.8586209050641,0.963069580001765,1
stock,8,rotate,1,576.5528745760189,0.8851333077802177,1
geodesic,9,flip_h,1,20.064472736732064,-0.878500296552685,0
geodesic,9,flip_v,1,16.00756713817826,0.38293936707881443,1
geodesic,9,rotate,1,50.82002062548881,-0.9630619312328197,0
stock,9,flip_h,1,357.7717396843336,0.9657829843605993,1
stock,9,flip_v,1,391.4884587450853,0.9802754893481083,1
stock,9,rotate,1,359.19483446837455,0.8297187826884999,1
geodesic,10,flip_h,0,9.347842922637856,0.5052388663036433,1
geodesic,10,flip_v,0,5.604658182013212,0.5943011364357296,0
geodesic,10,rotate,1,4.225911800714323,-0.5405383197480583,0
stock,10,flip_h,0,674.6733180853134,0.9685504198257697,1
stock,10,flip_v,0,869.573893885014,0.9825172767383552,1
stock,10,rotate,1,775.1575392249081,0.9703794805567957,1
geodesic,11,flip_h,0,5.437338886792608,0.4328555933983401,0
geodesic,11,flip_v,1,8.463922009346112,0.8584601543330382,1
geodesic,11,rotate,0,6.858184943751409,-0.6921364749220098,0
stock,11,flip_h,0,978.9247812139213,0.9766627478991635,1
stock,11,flip_v,1,604.8620573635362,0.9836405843541396,1
stock,11,rotate,0,903.4041855201741,0.9811542584378994,1
geodesic,12,flip_h,1,11.846337179996262,0.6545676780343851,1
geodesic,12,flip_v,0,2.642606051362244,0.2658967048076389,0
geodesic,12,rotate,0,3.068167843485954,0.548841469598901,0
stock,12,flip_h,1,588.3719660922941,0.9825153782113093,1
stock,12,flip_v,0,1090.8541297968002,0.980450442901943,1
stock,12,rotate,0,1023.5215957207447,0.9719002308821968,1
geodesic,13,flip_h,1,5.712126510784633,0.5062027165701647,0
geodesic,13,flip_v,0,3.209028701479747,0.5008279787325951,0
geodesic,13,rotate,1,6.950498329614431,0.6163594442875641,1
stock,13,flip_h,1,1085.0144967471686,0.9854550826587759,1
stock,13,flip_v,0,1259.004292966573,0.893560083735044,1
stock,13,rotate,1,1306.3735795603138,0.9721575242055677,1
geodesic,14,flip_h,0,5.582013830231601,0.03141856043082364,0
geodesic,14,flip_v,1,5.782604431685821,0.5853493325819503,1
geodesic,14,rotate,0,3.5916509487053316,0.44617374650764074,0
stock,14,flip_h,0,660.2062108886009,0.9684082929458573,1
stock,14,flip_v,1,663.0072511717864,0.9662945714098737,1
stock,14,rotate,0,686.2848310599261,0.9780288080209208,1
geodesic,15,flip_h,1,19.463641581119575,0.8471949941079291,1
geodesic,15,flip_v,1,10.69630925665322,0.8478191939563955,1
geodesic,15,rotate,1,11.291810395240907,0.45344914518251517,0
stock,15,flip_h,1,344.05955318928056,0.9829201140194792,1
stock,15,flip_v,1,391.5807947191273,0.8963349382541125,1
stock,15,rotate,1,386.34485212974266,0.8319193590802432,1
geodesic,16,flip_h,1,11.951076480537232,0.6219923232282829,1
geodesic,16,flip_v,1,8.005158665608807,0.6009841281632196,0
geodesic,16,rotate,1,9.730944965250103,0.3450236355283146,0
stock,16,flip_h,1,363.5930072352895,0.6059115720687089,0
stock,16,flip_v,1,375.45079724310506,0.7310449441955182,1
stock,16,rotate,1,376.9632231318729,0.6667639141981199,0
geodesic,17,flip_h,1,71.8154031172869,0.7365392501209246,1
geodesic,17,flip_v,1,61.33997225428874,0.6288168924677263,0
geodesic,17,rotate,1,123.3309533615666,0.5445784264715448,0
stock,17,flip_h,1,196.71030257749754,0.9727542145260009,1
stock,17,flip_v,1,183.73078523853968,0.9769762951473027,1
stock,17,rotate,1,163.96074831598594,0.9754728142646611,1
geodesic,18,flip_h,1,78.83526716900082,0.5854725189378618,1
geodesic,18,flip_v,0,25.76480254620908,0.35896984399978793,0
geodesic,18,rotate,1,34.1071313689627,0.6104696506459519,0
stock,18,flip_h,1,272.65758157647974,0.9637170034464914,1
stock,18,flip_v,0,333.06542342377315,0.9731964612020784,1
stock,18,rotate,1,293.25478649373963,0.9680558776390613,1
geodesic,19,flip_h,1,11.641103065179438,0.3174522898665025,0
geodesic,19,flip_v,1,7.6696460629062795,0.44042493180776016,0
geodesic,19,rotate,0,10.458463100585611,0.5376539747411964,1
stock,19,flip_h,1,417.1812869050942,0.9554746404760439,1
stock,19,flip_v,1,418.2903922997515,0.9698270403263151,1
stock,19,rotate,0,409.4121551169278,0.8578168151920984,1
geodesic,20,flip_h,1,24.780538012205202,-0.27123281272951794,0
geodesic,20,flip_v,1,28.347273029829527,0.5275503883588452,0
geodesic,20,rotate,1,49.98208702441697,0.6447053929688566,1
stock,20,flip_h,1,331.5872281456109,0.5341095718482813,0
stock,20,flip_v,1,352.92774694623375,0.9346656771841708,1
stock,20,rotate,1,317.53125831819307,0.9662156869445829,1
geodesic,21,flip_h,1,1.7793820800957736,0.42605295329366294,0
geodesic,21,flip_v,0,1.8772644097148392,0.5362127950510962,1
geodesic,21,rotate,0,1.7251468708637814,0.4930383885214862,0
stock,21,flip_h,1,1261.9788415066705,0.974651281647542,1
stock,21,flip_v,0,1313.2364194087343,0.9834224298930327,1
stock,21,rotate,0,1219.4460966911643,0.9758816679826295,1
geodesic,22,flip_h,1,25.363541694554705,0.35423184987315876,0
geodesic,22,flip_v,1,41.17923647257662,-0.5464325572976281,0
geodesic,22,rotate,1,22.285644765804797,0.7120641023310371,1
stock,22,flip_h,1,358.198997227783,0.7976646108815149,1
stock,22,flip_v,1,330.90399291147787,0.6079863668732877,0
stock,22,rotate,1,346.8855322908037,0.9082615565115624,1
geodesic,23,flip_h,1,26.84268200961432,0.6194449436285202,1
geodesic,23,flip_v,0,16.989914854275135,0.5200469472629106,0
geodesic,23,rotate,1,15.390887446030781,0.4688960190182346,0
stock,23,flip_h,1,399.2493969023289,0.9336268947986012,1
stock,23,flip_v,0,458.0037707361806,0.9186435562014065,1
stock,23,rotate,1,459.8311592365352,0.8634866564621644,1
geodesic,24,flip_h,1,11.82777474729913,0.6732759058363834,1
geodesic,24,flip_v,1,11.288169251905803,0.5896646973443284,0
geodesic,24,rotate,1,12.903016726839168,0.5806294754529098,0
stock,24,flip_h,1,283.1937698118203,0.7702093918642173,1
stock,24,flip_v,1,269.74639183999307,0.949932306235126,1
stock,24,rotate,1,285.12856261246435,0.7814176479800751,1
geodesic,25,flip_h,1,8.000111254646,0.5303016887701243,0
geodesic,25,flip_v,1,8.585694633332102,0.5331473823141835,1
geodesic,25,rotate,1,7.536779827140885,0.49077756731057504,0
stock,25,flip_h,1,418.66297645215315,0.9625865333427163,1
stock,25,flip_v,1,414.61994348263545,0.8797403815694276,1
stock,25,rotate,1,420.0096850015095,0.8282539567190352,1
geodesic,26,flip_h,0,2.3796185678363457,0.42947286788897837,1
geodesic,26,flip_v,1,3.0568418326732245,-0.7156941901169955,0
geodesic,26,rotate,0,2.2743888087018176,0.4312651722727083,0
stock,26,flip_h,0,895.6539293593955,0.9746637816117733,1
stock,26,flip_v,1,901.3394699136284,0.9780405596799641,1
stock,26,rotate,0,892.9598526121408,0.9881173145923431,1
geodesic,27,flip_h,1,23.813078319477818,0.5370879831396591,0
geodesic,27,flip_v,1,130.44334360568024,0.44900901845775637,1
geodesic,27,rotate,0,24.524948947264626,0.5334790815981219,0
stock,27,flip_h,1,327.8593809765676,0.9395985207144244,1
stock,27,flip_v,1,248.62171690959462,0.9829529249325223,1
stock,27,rotate,0,332.5407817063904,0.9669594842933519,1
geodesic,28,flip_h,1,11.84546299847668,0.54763023914122,0
geodesic,28,flip_v,1,62.039395300416146,0.300682934858354,1
geodesic,28,rotate,1,10.344734998618721,0.21448905516190658,0
stock,28,flip_h,1,380.1197397043395,0.7936865600504985,1
stock,28,flip_v,1,222.5209299421155,0.7066854296212187,1
stock,28,rotate,1,391.99192862255694,0.7679658926685516,1
geodesic,29,flip_h,1,10.654336698557742,0.48592802039150956,0
geodesic,29,flip_v,0,12.219398317217847,0.5099714184157186,1
geodesic,29,rotate,1,8.671048038492,0.34430115999733474,0
stock,29,flip_h,1,649.4859763420293,0.922520794353128,1
stock,29,flip_v,0,649.9250131026147,0.9712463415617045,1
stock,29,rotate,1,632.4826802417758,0.9725569592445624,1
geodesic,30,flip_h,0,30.74168811843589,0.442305938751255,0
geodesic,30,flip_v,1,25.179481261327524,0.8468754734841565,1
geodesic,30,rotate,1,52.932494371522196,0.8310157634067585,1
stock,30,flip_h,0,350.15262633701076,0.7698459641645262,1
stock,30,flip_v,1,357.0019251332502,0.5824944347210642,0
stock,30,rotate,1,308.58427326655817,0.912609285160907,1
geodesic,31,flip_h,0,5.732882137060906,0.40282150739771044,1
geodesic,31,flip_v,1,3.100759760131691,0.5342021717200433,0
geodesic,31,rotate,0,2.1853844488693426,0.48991697974464377,0
stock,31,flip_h,0,1073.6124478506233,0.9735653955095804,1
stock,31,flip_v,1,1127.7623811632325,0.97911111792308,1
stock,31,rotate,0,1171.5046881650806,0.9813970273205207,1
geodesic,32,flip_h,1,32.811480011372645,0.6241869029163796,0
geodesic,32,flip_v,0,46.29035544981278,0.593959433770112,0
geodesic,32,rotate,1,65.82278641639594,0.6960803039883342,1
stock,32,flip_h,1,234.48998029711163,0.95599160732569,1
stock,32,flip_v,0,229.55620530393932,0.9597229188223759,1
stock,32,rotate,1,226.78841272035382,0.9481687042212422,1
geodesic,33,flip_h,1,2.576916597933717,0.46002663030539837,0
geodesic,33,flip_v,0,2.2026832420816653,-0.7625279739224099,0
geodesic,33,rotate,0,4.158376271783272,0.4504364481618029,1
stock,33,flip_h,1,1302.6895195240368,0.9705098490519918,1
stock,33,flip_v,0,1305.8822961323933,0.975709255628183,1
stock,33,rotate,0,918.6080262573465,0.9686012621503258,1
geodesic,34,flip_h,1,58.7182102741232,0.7545123854581643,1
geodesic,34,flip_v,1,38.42472000359082,0.5626298544565612,0
geodesic,34,rotate,1,85.46367827320515,0.7723677716164945,1
stock,34,flip_h,1,435.058798920052,0.6025069873978043,0
stock,34,flip_v,1,504.35518621357664,0.7901341469190399,1
stock,34,rotate,1,335.63433035609523,0.9735561714824752,1
geodesic,35,flip_h,1,13.572712022737356,0.6877342417675432,0
geodesic,35,flip_v,0,18.108039079830185,0.7422532293119818,1
geodesic,35,rotate,1,9.232135449066249,0.6325889060519647,0
stock,35,flip_h,1,518.3374696717015,0.9438341949344274,1
stock,35,flip_v,0,513.7184614805709,0.8785553106521804,1
stock,35,rotate,1,517.8668421758064,0.6488062556947523,0
geodesic,36,flip_h,1,22.5715042890994,0.5745057049714929,0
geodesic,36,flip_v,0,14.811969838027181,0.7727422265129602,1
geodesic,36,rotate,1,24.914324662284578,-0.8586571147860961,0
stock,36,flip_h,1,532.8875679117016,0.9158567524422314,1
stock,36,flip_v,0,518.6893119757651,0.7381524503423021,1
stock,36,rotate,1,441.2542410651906,0.9642530042155216,1
geodesic,37,flip_h,0,12.111619921804332,0.6903778610362714,0
geodesic,37,flip_v,1,17.552087173600732,0.757193891911106,1
geodesic,37,rotate,1,13.041360853908966,0.6415171818889557,0
stock,37,flip_h,0,550.4102254866864,0.9017334356520504,1
stock,37,flip_v,1,554.4996992643307,0.9794836445991144,1
stock,37,rotate,1,542.7175947812939,0.9483301482218605,1
geodesic,38,flip_h,1,4.1540984122189055,0.5573970306105567,0
geodesic,38,flip_v,0,7.2622892428129955,0.5828365916995126,1
geodesic,38,rotate,0,3.2140761328090113,0.45178195777799535,0
stock,38,flip_h,1,726.9129371810257,0.9675810536224945,1
stock,38,flip_v,0,683.1844672406903,0.9768509864493699,1
stock,38,rotate,0,837.7045980460133,0.9759476107459817,1
geodesic,39,flip_h,1,21.16134032667201,0.7522251515051114,1
geodesic,39,flip_v,0,5.474904225168709,0.5647290429257644,0
geodesic,39,rotate,0,4.855323892413262,0.41880395364928497,0
stock,39,flip_h,1,525.0827744303053,0.9704457769232772,1
stock,39,flip_v,0,563.7145434521397,0.9782022691320728,1
stock,39,rotate,0,589.7677623507753,0.967662529449993,1
geodesic,40,flip_h,0,17.94646479711513,-0.13935520879964253,0
geodesic,40,flip_v,1,6.964823919140603,0.6174517130224957,0
geodesic,40,rotate,1,7.3953696660347035,0.6955228813117307,1
stock,40,flip_h,0,533.9441308430842,0.9602288089965009,1
stock,40,flip_v,1,545.6488874808161,0.9012921389614429,1
stock,40,rotate,1,533.5286413579844,0.7646092080690406,1
geodesic,41,flip_h,1,11.96556925816694,0.7227995536527138,1
geodesic,41,flip_v,0,7.236839537304454,-0.6934129192808738,0
geodesic,41,rotate,0,6.225430625695509,0.5508201682944397,0
stock,41,flip_h,1,507.97335957455,0.9517140996453923,1
stock,41,flip_v,0,562.8242776763434,0.9793250560398847,1
stock,41,rotate,0,554.6833880058208,0.9733795565256456,1
geodesic,42,flip_h,1,9.743974379999182,0.5922090536494304,0
geodesic,42,flip_v,1,12.366744072505632,0.522418375065168,1
geodesic,42,rotate,1,8.949908645200239,0.39862049112305753,0
stock,42,flip_h,1,408.3502991810158,0.8446580361615779,1
stock,42,flip_v,1,414.96137812443396,0.944574400300726,1
stock,42,rotate,1,412.7829464174293,0.9790445206174995,1
geodesic,43,flip_h,1,16.442249223915542,0.6759307705878189,0
geodesic,43,flip_v,1,24.562047111462554,0.5748284928040764,1
geodesic,43,rotate,1,14.438086429932516,0.4359917015755932,0
stock,43,flip_h,1,295.13186220152147,0.9757449097828286,1
stock,43,flip_v,1,291.192543573143,0.9198905107985811,1
stock,43,rotate,1,296.1796355975122,0.7995512366302527,1
geodesic,44,flip_h,0,6.310029684967924,-0.1307093498248989,0
geodesic,44,flip_v,1,4.721382625560329,0.7250768023908346,1
geodesic,44,rotate,0,6.768532470955275,0.497457857326548,0
stock,44,flip_h,0,591.4375972947169,0.9755671841954707,1
stock,44,flip_v,1,592.1939170409538,0.9752030738577566,1
stock,44,rotate,0,575.4410018791677,0.9769834934812838,1
geodesic,45,flip_h,0,8.289091987775084,0.5045852343023541,0
geodesic,45,flip_v,1,16.80032310258476,0.47852052180343735,1
geodesic,45,rotate,1,7.723058075875087,0.32579336056226627,0
stock,45,flip_h,0,466.4105825739561,0.9439416410981479,1
stock,45,flip_v,1,475.1095596596935,0.9623365396655702,1
stock,45,rotate,1,470.975456857871,0.8560329909857382,1
geodesic,46,flip_h,0,10.786187254610375,0.6531484509078755,1
geodesic,46,flip_v,1,6.416431190607183,-0.5105312256172916,0
geodesic,46,rotate,0,12.208854306822928,0.41540160586476393,0
stock,46,flip_h,0,693.9687425044818,0.9730036113971727,1
stock,46,flip_v,1,808.1784446365427,0.9665563638838307,1
stock,46,rotate,0,731.9645489284468,0.9653951076605192,1
geodesic,47,flip_h,0,9.026299366588116,0.5778958181707606,0
geodesic,47,flip_v,1,65.36893196796136,0.7139748818566237,1
geodesic,47,rotate,1,9.505824606217253,0.388075499125896,0
stock,47,flip_h,0,575.7680525280895,0.9855145671111404,1
stock,47,flip_v,1,488.2630581853295,0.8719481085580888,1
stock,47,rotate,1,567.3566089909718,0.9564200544529968,1
geodesic,48,flip_h,1,5.5349784024147075,0.4743608111011988,1
geodesic,48,flip_v,0,2.547491233867106,0.41480780594561467,0
geodesic,48,rotate,0,2.92413529191872,0.37840082952242987,0
stock,48,flip_h,1,800.8395209095818,0.9716543833612039,1
stock,48,flip_v,0,937.7573351042683,0.9668190268470388,1
stock,48,rotate,0,903.0948023170489,0.9786349613493391,1
geodesic,49,flip_h,1,172.7619437570257,0.8566133845827407,1
geodesic,49,flip_v,1,5.116346521816036,0.5809012842770611,0
geodesic,49,rotate,0,5.062101960077284,0.6398881426551817,0
stock,49,flip_h,1,436.2905357951777,0.6310416920067305,0
stock,49,flip_v,1,1009.8063574045116,0.9713519357220218,1
stock,49,rotate,0,1006.4250332965872,0.9708911722459749,1
geodesic,50,flip_h,1,11.924364716488363,0.3941590661553267,0
geodesic,50,flip_v,1,11.140815563871278,0.570493711192309,1
geodesic,50,rotate,1,11.338739518037196,0.43084717474620665,0
stock,50,flip_h,1,298.42994872626264,0.8427835220342976,1
stock,50,flip_v,1,293.2906585590716,0.951015846320301,1
stock,50,rotate,1,304.57717663893715,0.8750140631388473,1
geodesic,51,flip_h,1,1.433462662814018,0.3435617508833583,0
geodesic,51,flip_v,0,1.6313554428164891,-0.712009123337883,0
geodesic,51,rotate,0,1.6885147549274895,0.6408581097322052,1
stock,51,flip_h,1,1668.4991692402214,0.9792610305851239,1
stock,51,flip_v,0,1723.6920728884577,0.9820815300812163,1
stock,51,rotate,0,1524.0629751746842,0.980146743360318,1
geodesic,52,flip_h,1,17.80778728507107,0.20225983796400337,0
geodesic,52,flip_v,1,15.964604596218258,0.4934558890623062,1
geodesic,52,rotate,1,12.791321344800277,0.3964790091721845,0
stock,52,flip_h,1,287.39849370948184,0.8496864582416057,1
stock,52,flip_v,1,279.90061692262793,0.8959115726682025,1
stock,52,rotate,1,279.88034009751175,0.9426056407583134,1
geodesic,53,flip_h,1,18.790023004793923,0.40128264871908664,1
geodesic,53,flip_v,1,9.160684991729592,0.5500977177730242,0
geodesic,53,rotate,1,14.029899343166468,0.4473880435654223,0
stock,53,flip_h,1,304.45737285501104,0.9307731774970542,1
stock,53,flip_v,1,367.90099815918734,0.79159735665301,1
stock,53,rotate,1,389.89203218621697,0.7452742377237801,1
geodesic,54,flip_h,1,10.308775524267734,0.5961579468160848,0
geodesic,54,flip_v,1,9.20595717802527,0.7806037941188544,1
geodesic,54,rotate,0,10.364819219258935,0.5340302536263452,0
stock,54,flip_h,1,543.343301347455,0.8881553725559768,1
stock,54,flip_v,1,592.6046011866093,0.8387290061790612,1
stock,54,rotate,0,610.2794409577417,0.942011788427819,1
geodesic,55,flip_h,1,20.437376201744435,0.7623503958088843,1
geodesic,55,flip_v,1,23.23652502900014,0.5621209362442842,0
geodesic,55,rotate,1,11.48844022187108,0.6918166602561324,0
stock,55,flip_h,1,324.3969848232417,0.9311698436195588,1
stock,55,flip_v,1,338.16998809028087,0.8561674738679022,1
stock,55,rotate,1,390.3836290614894,0.9854571177573873,1
geodesic,56,flip_h,1,27.657272608467146,0.6566033535703502,0
geodesic,56,flip_v,1,59.16496180979516,0.41214812928791345,1
geodesic,56,rotate,1,22.462275705268517,0.6752814198901684,0
stock,56,flip_h,1,448.3704823528977,0.937671416280425,1
stock,56,flip_v,1,325.0958182216298,0.9428488863148551,1
stock,56,rotate,1,331.4666775786344,0.9845979634364036,1
geodesic,57,flip_h,1,27.567353125209806,-0.3075955696734328,0
geodesic,57,flip_v,1,19.140892184619215,0.6025255501220448,0
geodesic,57,rotate,1,28.302159992551818,0.6790167083769566,1
stock,57,flip_h,1,282.41926430224487,0.9238059944444262,1
stock,57,flip_v,1,307.6257159891939,0.8516222386837464,1
stock,57,rotate,1,308.3513904142436,0.8474159740836408,1
geodesic,58,flip_h,1,5.791116013629518,0.4164866598400145,0
geodesic,58,flip_v,0,6.6785965467765696,0.5002254958637529,0
geodesic,58,rotate,1,19.081875841466694,0.63082815662944,1
stock,58,flip_h,1,552.0414175419893,0.9091781066609217,1
stock,58,flip_v,0,552.1596258636,0.8647602650113678,1
stock,58,rotate,1,469.0932111536541,0.8579628664103991,1
geodesic,59,flip_h,1,16.567918434143277,0.5698049498786527,0
geodesic,59,flip_v,1,52.8596387681359,0.5717603916257588,0
geodesic,59,rotate,0,14.646886625676553,0.7132544900849845,1
stock,59,flip_h,1,370.03766053181243,0.7945945581593394,1
stock,59,flip_v,1,353.5213416887369,0.9697189966803843,1
stock,59,rotate,0,376.4905680769176,0.8695467598597708,1
geodesic,60,flip_h,1,24.498075719140147,0.5131848022108062,0
geodesic,60,flip_v,1,27.73789535424192,0.5973115894986087,0
geodesic,60,rotate,1,57.92775786087821,0.563682610473034,1
stock,60,flip_h,1,365.79384574327867,0.8795674200540701,1
stock,60,flip_v,1,339.4390715627405,0.944695259470671,1
stock,60,rotate,1,308.6076112909982,0.979737688092426,1
geodesic,61,flip_h,1,60.868907355486996,0.5671103966936277,0
geodesic,61,flip_v,1,64.02582712275398,0.7721315253490629,1
geodesic,61,rotate,1,42.92478590390243,0.7481054951193803,1
stock,61,flip_h,1,411.2221906622004,0.9239437677675829,1
stock,61,flip_v,1,431.11089993896394,0.7724854596822671,1
stock,61,rotate,1,398.1162212347548,0.9446737899910224,1
geodesic,62,flip_h,1,9.34995947133425,-0.25696254369476695,0
geodesic,62,flip_v,1,4.390609958725466,0.6874745977266894,1
geodesic,62,rotate,0,7.7082766932923565,-0.29238677575626437,0
stock,62,flip_h,1,887.9830299969136,0.8961913830546695,1
stock,62,flip_v,1,943.9962070148628,0.99020168855731,1
stock,62,rotate,0,889.1484820139394,0.9981149345176848,1
geodesic,63,flip_h,1,26.336301107412503,0.5357559792310786,0
geodesic,63,flip_v,1,21.270229482721966,0.5324896924382355,0
geodesic,63,rotate,0,65.90553416564332,0.5554359145214005,1
stock,63,flip_h,1,276.6277707998722,0.981686455495385,1
stock,63,flip_v,1,289.15545467333453,0.9507840871140816,1
stock,63,rotate,0,262.33711744774234,0.9295523296171797,1
geodesic,64,flip_h,1,79.19505984612724,0.46899065560978154,1
geodesic,64,flip_v,1,25.026535036135925,0.3906618213054979,0
geodesic,64,rotate,0,27.966865056528313,0.5807556656760557,0
stock,64,flip_h,1,247.46918764459585,0.8656161924619451,1
stock,64,flip_v,1,264.3509201539936,0.9604751434379909,1
stock,64,rotate,0,260.6037958639917,0.6980259189896324,0
geodesic,65,flip_h,1,24.526499329983082,0.6869819443294639,1
geodesic,65,flip_v,1,5.077096496646396,0.5109002421444206,0
geodesic,65,rotate,1,5.894214674423604,0.5064205960676178,0
stock,65,flip_h,1,377.2789984306255,0.8800915738040815,1
stock,65,flip_v,1,475.2210396168519,0.8857389028551282,1
stock,65,rotate,1,486.52018566143465,0.9661355820953299,1
geodesic,66,flip_h,1,2.862755183687353,0.6180830252031853,1
geodesic,66,flip_v,0,3.4867753189938053,0.43303540315298766,0
geodesic,66,rotate,0,11.930442908428386,-0.5746663514247479,0
stock,66,flip_h,1,932.1495205610051,0.9671607455441581,1
stock,66,flip_v,0,920.3333122235342,0.9699315798047686,1
stock,66,rotate,0,737.2884683586101,0.97339486111542,1
geodesic,67,flip_h,1,11.024708403224604,0.6143742525078755,0
geodesic,67,flip_v,1,10.29247108271842,0.4370774955398853,0
geodesic,67,rotate,1,50.33570039596829,0.7924731562778523,1
stock,67,flip_h,1,467.5369950688604,0.7880337590727217,1
stock,67,flip_v,1,469.5726724736895,0.8619963637257392,1
stock,67,rotate,1,355.99602176286373,0.6558950773950216,0
geodesic,68,flip_h,0,3.4096682247247307,0.5889699371154186,0
geodesic,68,flip_v,0,4.941387395708044,0.5406772673754145,1
geodesic,68,rotate,1,3.7260490890968834,0.630508941756112,0
stock,68,flip_h,0,781.7393853685271,0.9675544519785458,1
stock,68,flip_v,0,775.8457081318008,0.9776531062561694,1
stock,68,rotate,1,778.0690153720491,0.9804869376507089,1
geodesic,69,flip_h,1,7.643185778766061,0.7910612822869064,1
geodesic,69,flip_v,0,2.344801733744968,-0.38496397333396815,0
geodesic,69,rotate,0,2.7065007387339985,0.6142302585021727,0
stock,69,flip_h,1,1049.374017472247,0.9773948072616756,1
stock,69,flip_v,0,1571.5788606522733,0.9764314707948921,1
stock,69,rotate,0,1563.4996059430935,0.9747148750025602,1
geodesic,70,flip_h,0,15.45591510447008,0.5085564623986806,0
geodesic,70,flip_v,1,13.36146243656369,0.5164028441884139,0
geodesic,70,rotate,1,54.580164194815545,0.45564918852893105,1
stock,70,flip_h,0,384.1401498330788,0.9707689672413772,1
stock,70,flip_v,1,381.13719844834867,0.8975493089614054,1
stock,70,rotate,1,344.0922885412311,0.7050057846754884,1
geodesic,71,flip_h,0,2.3172623709401576,0.3829238420276825,1
geodesic,71,flip_v,1,1.6905499947217923,0.03625921069776511,0
geodesic,71,rotate,0,1.7129850124000987,0.4770432334665655,0
stock,71,flip_h,0,1142.462533988236,0.9746984634684784,1
stock,71,flip_v,1,1191.942694498253,0.973337746246045,1
stock,71,rotate,0,1212.7771497184376,0.976982457033362,1
geodesic,72,flip_h,1,85.26934461639073,-0.8283803589592683,0
geodesic,72,flip_v,1,67.28048031316975,-0.5292348386472986,0
geodesic,72,rotate,1,43.452575286702924,0.552678370543227,1
stock,72,flip_h,1,327.31386503081467,0.9625204796185457,1
stock,72,flip_v,1,255.53878400325453,0.969827976855081,1
stock,72,rotate,1,308.89774933159754,0.9492993213986908,1
geodesic,73,flip_h,1,15.391014352233348,0.4658768748537758,0
geodesic,73,flip_v,1,28.20738469599775,0.6131048394262543,1
geodesic,73,rotate,1,11.426055473666294,0.5698978323216197,0
stock,73,flip_h,1,411.00979682775636,0.9699717193069103,1
stock,73,flip_v,1,375.8339219754345,0.8876731079477991,1
stock,73,rotate,1,426.0400339183546,0.9626253493529238,1
geodesic,74,flip_h,1,28.084555832394102,0.36938173144383196,0
geodesic,74,flip_v,0,29.340323203166587,0.4806378708756005,0
geodesic,74,rotate,1,201.31707467808025,0.6366946072141919,1
stock,74,flip_h,1,436.5515765039678,0.9511796575576696,1
stock,74,flip_v,0,439.56721797826503,0.9672515416773441,1
stock,74,rotate,1,290.5025541824067,0.6476344891201418,0
geodesic,75,flip_h,1,4.811075619951257,0.5787469441829203,0
geodesic,75,flip_v,1,5.087126131601364,0.6397260124639974,0
geodesic,75,rotate,1,62.26768074413028,0.5936476881770283,1
stock,75,flip_h,1,799.2165398494398,0.6137624575006142,0
stock,75,flip_v,1,775.6274608370218,0.59844218260412,0
stock,75,rotate,1,649.7009502129438,0.8874209336063742,1
geodesic,76,flip_h,1,9.158678858212047,0.6487430542169254,1
geodesic,76,flip_v,1,5.081511134844512,0.5922879597131884,0
geodesic,76,rotate,1,6.21631861210486,0.5892360859458091,0
stock,76,flip_h,1,509.45248559208807,0.9048338860064984,1
stock,76,flip_v,1,501.76042575865074,0.9871217889303253,1
stock,76,rotate,1,483.5588691028245,0.8764935102088538,1
geodesic,77,flip_h,1,6.3669548224355355,0.46564758967421993,0
geodesic,77,flip_v,1,10.873506685603864,-0.5678876844061999,0
geodesic,77,rotate,1,5.280693131710431,0.6419280943572404,1
stock,77,flip_h,1,604.4214416545792,0.9733780229476212,1
stock,77,flip_v,1,541.5726495443589,0.8654996296502848,1
stock,77,rotate,1,604.766521230457,0.8563726031275845,1
geodesic,78,flip_h,1,24.324546052321146,0.24512867709631997,0
geodesic,78,flip_v,1,30.150789529225797,0.5957990788785945,0
geodesic,78,rotate,1,38.42189607657497,0.6771061575861531,1
stock,78,flip_h,1,179.2226778504615,0.9535275384373527,1
stock,78,flip_v,1,193.0917327758367,0.9734183059791013,1
stock,78,rotate,1,175.64794460172172,0.9730002698964741,1
geodesic,79,flip_h,1,37.48089865558972,0.29491145800664503,0
geodesic,79,flip_v,1,56.8130813149214,0.7262848454906706,1
geodesic,79,rotate,1,35.23750563935792,0.526881250693349,0
stock,79,flip_h,1,281.51972549015215,0.7160516337107667,1
stock,79,flip_v,1,212.8567603870619,0.9340215919955711,1
stock,79,rotate,1,269.8197325203756,0.8540867521867923,1
geodesic,80,flip_h,0,2.216507569749502,0.5421418159249759,0
geodesic,80,flip_v,1,2.305720814711987,0.6740287153111111,1
geodesic,80,rotate,0,2.092039372301331,0.5084682879009337,0
stock,80,flip_h,0,1054.917339340066,0.9736498402873695,1
stock,80,flip_v,1,982.7802435639315,0.9775937474349303,1
stock,80,rotate,0,1052.2572481490074,0.979030943743494,1
geodesic,81,flip_h,1,5.762775364501495,0.4729533287727565,0
geodesic,81,flip_v,1,6.183784383970108,0.39081089585453904,0
geodesic,81,rotate,1,14.370402581253735,0.6149241709659006,1
stock,81,flip_h,1,475.1745608207921,0.8916748856344988,1
stock,81,flip_v,1,467.7201143718097,0.953401593023921,1
stock,81,rotate,1,455.1374077029593,0.909126812040888,1
geodesic,82,flip_h,1,19.797028390696976,0.6736444885885872,0
geodesic,82,flip_v,1,67.775022684109,0.7315733437060187,1
geodesic,82,rotate,0,16.816000731688355,0.6424930731538241,0
stock,82,flip_h,1,318.2831581112142,0.7785565708110086,1
stock,82,flip_v,1,298.7390807258864,0.9773916643029632,1
stock,82,rotate,0,333.22444317294986,0.8887095663658618,1
geodesic,83,flip_h,0,1.6135358977038123,0.39994433462324724,0
geodesic,83,flip_v,0,2.072309817624358,0.38174549573582084,0
geodesic,83,rotate,1,5.557391363696448,0.4900081042995072,1
stock,83,flip_h,0,1307.7762715821932,0.9787585309508864,1
stock,83,flip_v,0,1237.7201893358738,0.9743601590680241,1
stock,83,rotate,1,1021.70550423762,0.9788273157831048,1
geodesic,84,flip_h,0,1.9149838035585716,0.4006879604474778,0
geodesic,84,flip_v,1,2.0545840366457684,0.41544373920651945,0
geodesic,84,rotate,0,2.0523236035145787,0.45234035359407476,1
stock,84,flip_h,0,1245.6204084862816,0.9699830391431062,1
stock,84,flip_v,1,1244.4376939315573,0.9676352425275274,1
stock,84,rotate,0,1241.2939935560985,0.9770652547917777,1
geodesic,85,flip_h,1,12.655235093019428,0.4646028610335181,0
geodesic,85,flip_v,0,12.020925771308761,0.503076677136988,0
geodesic,85,rotate,1,73.05467119293665,0.7689482396887741,1
stock,85,flip_h,1,352.73559920363317,0.9772018224853944,1
stock,85,flip_v,0,343.0931584759331,0.9477199195608595,1
stock,85,rotate,1,243.02161057077177,0.9477456755061031,1
geodesic,86,flip_h,1,9.422739836732845,0.7054923712069576,0
geodesic,86,flip_v,1,19.15257823123173,0.48272899792717494,1
geodesic,86,rotate,1,16.668497036005036,0.469962828568707,0
stock,86,flip_h,1,534.1420684252352,0.9396590530230435,1
stock,86,flip_v,1,493.5927502250249,0.9519503083090048,1
stock,86,rotate,1,541.1942416703731,0.7827453089305819,1
geodesic,87,flip_h,1,4.578261170795794,0.4772867645071054,0
geodesic,87,flip_v,0,9.95817946226034,0.4685614650096496,1
geodesic,87,rotate,0,6.462771664029473,0.5694143940486369,0
stock,87,flip_h,1,568.6085572459059,0.9605020299698915,1
stock,87,flip_v,0,532.1656659054357,0.9728573811562903,1
stock,87,rotate,0,547.272833973477,0.982381852413359,1
geodesic,88,flip_h,0,8.324484569465309,-0.5868297151230197,0
geodesic,88,flip_v,0,8.633667641391737,0.4798480859108816,0
geodesic,88,rotate,1,16.307259982994438,0.4005900429502772,1
stock,88,flip_h,0,579.6094705469454,0.9817127369902316,1
stock,88,flip_v,0,611.0856999440787,0.9833570471470482,1
stock,88,rotate,1,506.9275341259551,0.9652486970540108,1
geodesic,89,flip_h,1,11.995356846370871,0.6447261200443978,0
geodesic,89,flip_v,1,22.8743153711884,0.6882713047046324,0
geodesic,89,rotate,1,15.280064452869018,0.7383881893409318,1
stock,89,flip_h,1,358.2756205555631,0.8070683363808475,1
stock,89,flip_v,1,351.41497526572425,0.9190697466423821,1
stock,89,rotate,1,385.8433068473479,0.7268809414274708,1
geodesic,90,flip_h,1,7.635228110169912,0.5478012245106142,0
geodesic,90,flip_v,1,6.42647181004135,0.6355024708123219,0
geodesic,90,rotate,1,26.066742060490242,0.5772136334431154,1
stock,90,flip_h,1,512.1891428601878,0.9888366359899365,1
stock,90,flip_v,1,513.703628074066,0.963570373685029,1
stock,90,rotate,1,448.7431150688851,0.9215419365827247,1
geodesic,91,flip_h,1,5.405485504026223,0.5139002887162535,0
geodesic,91,flip_v,0,6.093150914699953,0.6740563102190315,1
geodesic,91,rotate,0,4.6649187624150965,-0.022694627901193094,0
stock,91,flip_h,1,549.3550851943352,0.9845771944708293,1
stock,91,flip_v,0,638.4769683820889,0.9782024838250568,1
stock,91,rotate,0,636.3620283589736,0.9751728887519971,1
geodesic,92,flip_h,1,12.801126697952048,0.4852094919835292,0
geodesic,92,flip_v,1,12.583974285535149,0.5177712244482388,1
geodesic,92,rotate,1,48.621036812748336,0.05347799438320418,0
stock,92,flip_h,1,315.3433990405226,0.9689766012977244,1
stock,92,flip_v,1,314.76807960411134,0.9562251203701948,1
stock,92,rotate,1,283.94337202268247,0.9665479520945048,1
geodesic,93,flip_h,1,6.45692756281446,-0.4748643575740591,0
geodesic,93,flip_v,1,6.3499153631528396,0.8861322008949735,0
geodesic,93,rotate,1,149.4260515574402,0.6189654614027829,1
stock,93,flip_h,1,845.3906683884901,0.879554433574909,1
stock,93,flip_v,1,840.9920981652401,0.9596280956978968,1
stock,93,rotate,1,624.157506209936,0.8309792270302175,1
geodesic,94,flip_h,0,1.580199721855346,0.5875314827171177,0
geodesic,94,flip_v,1,2.948303307343274,0.5652982204721079,1
geodesic,94,rotate,0,2.6953817751207234,0.6090243862135902,0
stock,94,flip_h,0,1285.360233887624,0.9815141046423682,1
stock,94,flip_v,1,1069.4043640042717,0.9753380948913054,1
stock,94,rotate,0,1118.9724536509539,0.9805096706346855,1
geodesic,95,flip_h,1,10.972970097886083,0.5248745699516424,1
geodesic,95,flip_v,0,12.097996045586301,0.3404038662706415,0
geodesic,95,rotate,1,8.131820744056574,0.5219935239065684,0
stock,95,flip_h,1,450.180291941839,0.8700243522731296,1
stock,95,flip_v,0,500.51675554853165,0.9650391989073599,1
stock,95,rotate,1,501.11061944688225,0.9906183589828367,1
geodesic,96,flip_h,0,26.837368130717476,0.43487051649214653,1
geodesic,96,flip_v,1,7.311634657323594,0.6332350334134926,0
geodesic,96,rotate,1,9.499335483029382,0.5404605125091884,0
stock,96,flip_h,0,529.2675272415073,0.9648106399581317,1
stock,96,flip_v,1,584.5428592443836,0.9866804151979172,1
stock,96,rotate,1,548.5927188366948,0.9914043678133801,1
geodesic,97,flip_h,1,9.481286878250494,0.3519418192719961,0
geodesic,97,flip_v,1,12.152427388964949,0.4653745901498223,1
geodesic,97,rotate,1,12.220975580978399,0.39171047209974735,0
stock,97,flip_h,1,273.34379936880646,0.9181045838876739,1
stock,97,flip_v,1,270.3334062632523,0.8800897001722715,1
stock,97,rotate,1,267.8231912415114,0.6851038635538901,0
geodesic,98,flip_h,1,8.27316123995371,0.8420040091196461,0
geodesic,98,flip_v,1,11.694312109291227,0.6677593103579675,1
geodesic,98,rotate,1,6.301344672237141,0.5897125336540114,0
stock,98,flip_h,1,905.2020435853265,0.996533183371228,1
stock,98,flip_v,1,899.8964992604041,0.9752675378043073,1
stock,98,rotate,1,923.6488326847609,0.9280686682209873,1
geodesic,99,flip_h,1,29.279412703004347,0.5223930239303406,0
geodesic,99,flip_v,1,20.473259773449307,0.6082887654180632,0
geodesic,99,rotate,1,56.90144382710983,0.4744315959569795,1
stock,99,flip_h,1,226.77504256439045,0.7603152017617939,1
stock,99,flip_v,1,241.60554986441798,0.6552033354151655,0
stock,99,rotate,1,211.30789821821764,0.9494245363243357,1
geodesic,100,flip_h,1,1.6271596817012497,0.40375638839618994,0
geodesic,100,flip_v,0,3.2912226349859344,0.43025269822143725,1
geodesic,100,rotate,0,2.886544480669853,0.4413849558340737,0
stock,100,flip_h,1,1302.2682228146132,0.9765643098091259,1
stock,100,flip_v,0,1226.4590869248223,0.9805102748855637,1
stock,100,rotate,0,1006.5166630441029,0.9751590174405739,1
geodesic,101,flip_h,0,2.2814798511599337,0.4261664955432299,0
geodesic,101,flip_v,1,2.302081390866719,0.4970077083742147,1
geodesic,101,rotate,0,1.5738322476363555,-0.02441776408694851,0
stock,101,flip_h,0,1465.374433936509,0.9755378927418129,1
stock,101,flip_v,1,1634.0769191645063,0.9790566416989767,1
stock,101,rotate,0,1738.0561823088015,0.9801735596158122,1
geodesic,102,flip_h,0,6.303103009857907,0.6826922797570192,1
geodesic,102,flip_v,0,6.099315402486378,-0.3831098818102416,0
geodesic,102,rotate,1,4.651673350583509,0.6411494995978292,0
stock,102,flip_h,0,614.0544785134588,0.9651712115260948,1
stock,102,flip_v,0,624.9692026811016,0.9875359634533624,1
stock,102,rotate,1,640.9753858302495,0.9598128568774538,1
geodesic,103,flip_h,1,5.225386722864437,0.5644404328463446,1
geodesic,103,flip_v,0,1.6001102414256243,0.7473071602645459,0
geodesic,103,rotate,0,1.9841325887844414,-0.8171380882088501,0
stock,103,flip_h,1,1171.9967809883392,0.9674608969396523,1
stock,103,flip_v,0,1548.802636550014,0.9739454680009942,1
stock,103,rotate,0,1591.9866092348593,0.9775610408480568,1
geodesic,104,flip_h,1,11.7424031691477,0.5806928853097241,0
geodesic,104,flip_v,1,25.496102445370127,0.5933508587527977,1
geodesic,104,rotate,0,17.457051198629717,-0.5323516263290353,0
stock,104,flip_h,1,484.11258893857456,0.8990372551428875,1
stock,104,flip_v,1,473.7003996655449,0.731021135523531,1
stock,104,rotate,0,478.655289112334,0.9324283832550421,1
geodesic,105,flip_h,1,19.640818761274502,-0.767774751420849,0
geodesic,105,flip_v,1,57.01865251060277,-0.7631170784467771,0
geodesic,105,rotate,1,15.483976865704818,0.6788655011521441,1
stock,105,flip_h,1,472.2776765110816,0.9145242011219428,1
stock,105,flip_v,1,372.1791443862961,0.9321105496295169,1
stock,105,rotate,1,455.6577736759938,0.957968586782923,1
geodesic,106,flip_h,1,12.167700728120282,0.5251758899353456,0
geodesic,106,flip_v,1,8.656369293787135,0.7394335770269639,1
geodesic,106,rotate,1,15.555926025804546,0.1048582452833813,0
stock,106,flip_h,1,359.18906638715544,0.9893430329797603,1
stock,106,flip_v,1,368.5788861840009,0.8065561122373741,1
stock,106,rotate,1,355.91516644917107,0.8385284385070797,1
geodesic,107,flip_h,1,11.286494482567322,0.49074251182318607,1
geodesic,107,flip_v,1,15.94762840635453,0.096905680450765,0
geodesic,107,rotate,1,26.36304647557887,0.18484343360638505,0
stock,107,flip_h,1,312.00057419367545,0.9350596663238265,1
stock,107,flip_v,1,312.64332240770705,0.9662872011072328,1
stock,107,rotate,1,286.7310475156913,0.920190792227257,1
geodesic,108,flip_h,1,14.656525555324272,0.7076620695648517,1
geodesic,108,flip_v,1,39.98333802072887,0.6503295463237008,0
geodesic,108,rotate,1,15.620250327296274,0.5804444503471154,0
stock,108,flip_h,1,287.69958990614487,0.4443522982534906,0
stock,108,flip_v,1,248.07403636234773,0.9341388766199233,1
stock,108,rotate,1,243.14134728489663,0.9295666026101919,1
geodesic,109,flip_h,1,8.657684752009681,0.41799450943652816,0
geodesic,109,flip_v,1,9.605163649952303,0.5085657826530607,0
geodesic,109,rotate,1,65.19175682919669,0.4876394271539038,1
stock,109,flip_h,1,444.25318972347554,0.6271105117212092,0
stock,109,flip_v,1,430.1100972896023,0.9673654220658259,1
stock,109,rotate,1,341.9589441053784,0.9478928704157171,1
geodesic,110,flip_h,1,12.705519606444017,0.5669332230755022,1
geodesic,110,flip_v,1,7.422274962594855,0.7715309685688982,0
geodesic,110,rotate,1,8.306715042443436,0.5132372805156649,0
stock,110,flip_h,1,443.315590200836,0.9834711073416971,1
stock,110,flip_v,1,456.09980059086627,0.9831752632923836,1
stock,110,rotate,1,446.11771052476564,0.931647120510244,1
geodesic,111,flip_h,1,24.147672041164626,0.6672943607558989,1
geodesic,111,flip_v,1,6.875597383552449,-0.3930525081224882,0
geodesic,111,rotate,1,6.514594241336709,0.42692542892945184,0
stock,111,flip_h,1,429.18070036514837,0.923909103283319,1
stock,111,flip_v,1,463.09300561268225,0.9849213010204708,1
stock,111,rotate,1,461.0644072322261,0.9631393132575343,1
geodesic,112,flip_h,1,9.157737914833676,0.2060317793916991,0
geodesic,112,flip_v,1,11.398003667905996,0.6950206437810013,1
geodesic,112,rotate,0,8.04245821119018,0.4635305630288193,0
stock,112,flip_h,1,474.36533623652934,0.9561863352774161,1
stock,112,flip_v,1,437.27229699880195,0.9505909780374951,1
stock,112,rotate,0,464.9396162369994,0.9707004664762591,1
geodesic,113,flip_h,1,19.174657637296953,0.6609655511145353,1
geodesic,113,flip_v,1,18.350100819603988,0.3609279095022602,0
geodesic,113,rotate,1,20.06652565468716,0.5853725547607471,0
stock,113,flip_h,1,327.3829661356217,0.9494751904164835,1
stock,113,flip_v,1,332.86827255707664,0.9474813592679079,1
stock,113,rotate,1,342.4228671003251,0.9123758838577011,1
geodesic,114,flip_h,1,116.70804484978223,0.5432224310112167,1
geodesic,114,flip_v,1,18.408880946260794,0.4110438662923641,0
geodesic,114,rotate,1,16.85898668016254,0.6225674432788285,0
stock,114,flip_h,1,254.31940777833591,0.7056083604518323,1
stock,114,flip_v,1,307.52952980016596,0.6073147327523638,0
stock,114,rotate,1,318.12503866663496,0.8675294636924429,1
geodesic,115,flip_h,1,18.453527857533466,0.5723280457649011,0
geodesic,115,flip_v,1,62.205588629726996,0.8583583320716892,1
geodesic,115,rotate,0,18.913137690389696,0.6354747851080512,0
stock,115,flip_h,1,453.07928709446287,0.9655833589130646,1
stock,115,flip_v,1,347.2033574410313,0.9512663936504168,1
stock,115,rotate,0,424.47107701659195,0.9554569089819857,1
geodesic,116,flip_h,1,26.1131961343262,0.8654116381548799,1
geodesic,116,flip_v,1,4.975001310588098,0.49309451860342746,0
geodesic,116,rotate,1,5.033634305004417,0.37113628040270097,0
stock,116,flip_h,1,478.0649655858367,0.9749337130989689,1
stock,116,flip_v,1,622.4131992736975,0.9452868858115776,1
stock,116,rotate,1,620.3344251539042,0.9198245972410078,1
geodesic,117,flip_h,1,53.32208638176462,0.6880039069584655,1
geodesic,117,flip_v,1,15.372902558493447,0.44833663827630454,0
geodesic,117,rotate,0,18.215294494173072,0.5137137580985741,0
stock,117,flip_h,1,313.9203782549887,0.7472881639970926,1
stock,117,flip_v,1,405.5895722060649,0.9525959531017634,1
stock,117,rotate,0,400.4023275642012,0.8352488051740928,1
geodesic,118,flip_h,1,2.860345039061432,0.7447912063227006,1
geodesic,118,flip_v,0,2.439298942252231,0.42818582049008774,0
geodesic,118,rotate,0,2.6871216724434555,0.6624374285334241,0
stock,118,flip_h,1,1004.1098420872269,0.9758104971859844,1
stock,118,flip_v,0,992.4447039029498,0.9752415933619545,1
stock,118,rotate,0,969.295724873492,0.9771293637160579,1
geodesic,119,flip_h,1,11.06610983062956,0.6534147350666878,0
geodesic,119,flip_v,1,9.896931327285222,0.655633748953422,0
geodesic,119,rotate,1,31.735203988420373,0.686468278377967,1
stock,119,flip_h,1,340.6875522933726,0.881197158294482,1
stock,119,flip_v,1,344.5342606653255,0.9435204610690536,1
stock,119,rotate,1,298.5395717791462,0.8321905489245454,1
geodesic,120,flip_h,1,30.694540058672654,0.6232917828708866,0
geodesic,120,flip_v,1,29.76806038055188,0.8736991157604322,1
geodesic,120,rotate,1,34.55376813473655,-0.40624795012334797,0
stock,120,flip_h,1,644.7380514422608,0.8891353403066181,1
stock,120,flip_v,1,439.23320014418437,0.9813040392622876,1
stock,120,rotate,1,564.3399208916609,0.9226492929274394,1
geodesic,121,flip_h,1,7.187145234978556,0.7291676717116172,1
geodesic,121,flip_v,1,6.753102114244159,0.5930933723194309,0
geodesic,121,rotate,1,7.9847899332869385,0.5884666688640006,0
stock,121,flip_h,1,392.39344722150247,0.9868944039782677,1
stock,121,flip_v,1,392.69661198294597,0.9878419896253254,1
stock,121,rotate,1,387.3042340019856,0.9654169701552286,1
geodesic,122,flip_h,0,13.011476095244909,0.6472869197392407,0
geodesic,122,flip_v,1,148.54592779632486,0.8145435235004553,1
geodesic,122,rotate,1,13.050687754238886,0.623194842021268,0
stock,122,flip_h,0,498.9239451742584,0.9849951308897299,1
stock,122,flip_v,1,394.790839766251,0.9057476073461475,1
stock,122,rotate,1,476.56045242218977,0.9810131907148191,1
geodesic,123,flip_h,1,35.870700419105745,0.5904339787828526,1
geodesic,123,flip_v,1,21.285116571639207,0.4876591067955493,0
geodesic,123,rotate,1,23.853052742159548,0.6973426135131089,0
stock,123,flip_h,1,220.3337839764317,0.9205050298897206,1
stock,123,flip_v,1,235.43047048807622,0.9690428730713637,1
stock,123,rotate,1,226.65833361605667,0.9609302262250815,1
geodesic,124,flip_h,0,4.2494592103654245,0.6454109251936835,1
geodesic,124,flip_v,1,4.201281404379911,0.5819002616677958,0
geodesic,124,rotate,0,4.09914382761073,0.49725965470451955,0
stock,124,flip_h,0,754.1893714350795,0.9691827274096395,1
stock,124,flip_v,1,711.7536686225734,0.9758067628683772,1
stock,124,rotate,0,733.5023691955954,0.9833330845181455,1
geodesic,125,flip_h,1,10.131373858235646,0.8553411820108837,1
geodesic,125,flip_v,1,9.635402542393924,-0.21840549126141276,0
geodesic,125,rotate,1,100.77376645550937,0.9132183193104242,1
stock,125,flip_h,1,630.1560960561333,0.897737478964105,1
stock,125,flip_v,1,619.0547702207957,0.9929366484106472,1
stock,125,rotate,1,394.90749296894495,0.9793248642985022,1
geodesic,126,flip_h,1,56.87439471985637,-0.10091704353149777,0
geodesic,126,flip_v,1,17.784627575644734,0.44135956561800155,0
geodesic,126,rotate,1,14.454980487931085,0.5465982093857898,1
stock,126,flip_h,1,243.33057022294395,0.9752007794061441,1
stock,126,flip_v,1,305.69246346070173,0.9524081209428817,1
stock,126,rotate,1,306.84045441458375,0.6202263164769143,0
geodesic,127,flip_h,1,11.195958959607873,0.6942143895812745,1
geodesic,127,flip_v,0,9.726478146444753,0.42221563254537053,0
geodesic,127,rotate,1,11.29774508679586,0.5409866027378045,0
stock,127,flip_h,1,367.2724814398686,0.6916056551351559,0
stock,127,flip_v,0,477.3275202833446,0.9070919798705332,1
stock,127,rotate,1,484.15367769824877,0.9606800341913397,1
geodesic,128,flip_h,1,16.27298103675481,0.6226223455612496,1
geodesic,128,flip_v,0,3.005717893290164,0.5519055750146626,0
geodesic,128,rotate,0,2.587511511048145,0.5768851663164332,0
stock,128,flip_h,1,511.9262414944363,0.9777573637589846,1
stock,128,flip_v,0,967.4806680591133,0.9745829440923831,1
stock,128,rotate,0,977.3191268240412,0.9765688418096231,1
geodesic,129,flip_h,0,8.336160085192779,0.5028530238486488,0
geodesic,129,flip_v,1,8.817773771394954,0.7297466052170896,1
geodesic,129,rotate,1,8.592278980609613,0.4366230287745375,0
stock,129,flip_h,0,602.7463103871454,0.9362932739282515,1
stock,129,flip_v,1,611.1321223763265,0.9478161214781635,1
stock,129,rotate,1,606.6485713638508,0.9384318541147928,1
geodesic,130,flip_h,1,20.58341454713106,0.6634904927288802,1
geodesic,130,flip_v,1,7.220481477572321,0.41103635912878683,0
geodesic,130,rotate,1,7.0555545371525845,0.5905668564608579,0
stock,130,flip_h,1,425.0109555229634,0.8437231019027884,1
stock,130,flip_v,1,503.52076868991213,0.951748467300843,1
stock,130,rotate,1,502.31718676307736,0.9439126137411336,1
geodesic,131,flip_h,1,23.226225272998512,0.5887860565835243,0
geodesic,131,flip_v,0,195.64879884133794,0.7312597240951795,1
geodesic,131,rotate,1,23.686491517497558,0.09698574614116055,0
stock,131,flip_h,1,421.3945087571913,0.9744287040444348,1
stock,131,flip_v,0,332.11898446016255,0.9668105388821948,1
stock,131,rotate,1,421.7944621191539,0.9744004460673339,1
geodesic,132,flip_h,1,7.260192800323113,0.37786975747785034,0
geodesic,132,flip_v,1,34.32378300101048,0.6692693239723937,1
geodesic,132,rotate,0,7.118404749713594,0.5843829977050526,0
stock,132,flip_h,1,695.7960765484427,0.9737746147183619,1
stock,132,flip_v,1,676.3316103376169,0.6566326014827714,0
stock,132,rotate,0,696.6705273861795,0.9324803341249948,1
geodesic,133,flip_h,1,32.0092737734495,0.7069771891122388,1
geodesic,133,flip_v,1,9.946485959564487,0.35983054315511126,0
geodesic,133,rotate,1,10.707582599439215,0.4742255824068701,0
stock,133,flip_h,1,545.3656956615703,0.9740640652572405,1
stock,133,flip_v,1,518.4877996541538,0.9112294781625552,1
stock,133,rotate,1,578.2349999625696,0.9776941188719315,1
geodesic,134,flip_h,1,38.92513113974149,0.6258785383158084,0
geodesic,134,flip_v,1,15.516851893701139,0.8361051306118603,1
geodesic,134,rotate,0,12.384165292918658,0.6285571504668545,0
stock,134,flip_h,1,637.5269763753291,0.9538609045112982,1
stock,134,flip_v,1,506.3367551483069,0.8393366147306244,1
stock,134,rotate,0,686.9968379384875,0.7985744240212492,1
geodesic,135,flip_h,0,4.282320652664753,0.6477311312795098,1
geodesic,135,flip_v,0,2.4538152658221164,-0.30643785966406034,0
geodesic,135,rotate,1,3.729700180536823,0.6764224190732787,0
stock,135,flip_h,0,1247.5682700211062,0.9716424043070984,1
stock,135,flip_v,0,1357.9680250233173,0.9727605523160614,1
stock,135,rotate,1,1204.1886449140557,0.9663417924436026,1
geodesic,136,flip_h,0,3.0263121949448246,0.3596496923848096,0
geodesic,136,flip_v,1,14.164890028297023,0.5638820546626382,1
geodesic,136,rotate,0,3.616890262009475,0.492185164617763,0
stock,136,flip_h,0,1028.2160873951277,0.9827716849039496,1
stock,136,flip_v,1,956.1859844447597,0.981936616375929,1
stock,136,rotate,0,985.0668853147788,0.9744676465099192,1
geodesic,137,flip_h,1,23.709027412207103,0.6073579234023144,1
geodesic,137,flip_v,1,10.033885465122474,0.6260926115050344,0
geodesic,137,rotate,1,13.081111239486486,0.5712865887319845,0
stock,137,flip_h,1,385.9073446751579,0.7962112130691165,1
stock,137,flip_v,1,393.13308994088237,0.9748766811694088,1
stock,137,rotate,1,396.7280568580474,0.8519057294528332,1
geodesic,138,flip_h,0,2.490989089476266,0.523763611224844,0
geodesic,138,flip_v,1,2.777091269131561,0.5085618811680761,0
geodesic,138,rotate,0,2.976770377977602,0.6702687927374534,1
stock,138,flip_h,0,1096.0551614685692,0.9719053531623132,1
stock,138,flip_v,1,1044.594129400949,0.9669888885803835,1
stock,138,rotate,0,1115.31716348284,0.973482486441901,1
geodesic,139,flip_h,0,2.063142581459954,0.49134540687056916,0
geodesic,139,flip_v,0,2.106878618197608,0.0694006829747007,0
geodesic,139,rotate,1,2.275828465881303,0.5584794179453846,1
stock,139,flip_h,0,1240.8268720407332,0.9678515941386577,1
stock,139,flip_v,0,1224.487522980438,0.9717858309311675,1
stock,139,rotate,1,1228.5864535259648,0.9701089894780164,1
geodesic,140,flip_h,1,14.26076691916378,0.5336676600897314,1
geodesic,140,flip_v,1,12.686296443936182,-0.8310174033288239,0
geodesic,140,rotate,1,35.02563385147826,0.07748465163337931,0
stock,140,flip_h,1,699.0003615068041,0.7921673630969276,1
stock,140,flip_v,1,671.2226483192771,0.7615391715437279,1
stock,140,rotate,1,728.2110047297048,0.9057025519079486,1
geodesic,141,flip_h,0,18.024659604142414,0.542364813797682,0
geodesic,141,flip_v,1,19.66301122498747,0.40083469862652904,0
geodesic,141,rotate,1,55.99334002575573,0.8845597776430869,1
stock,141,flip_h,0,410.00476828215415,0.9543726869651599,1
stock,141,flip_v,1,392.9748935382979,0.9666508797438295,1
stock,141,rotate,1,322.324812129009,0.9674663107734297,1
geodesic,142,flip_h,1,47.46831071605085,0.7815088189122213,1
geodesic,142,flip_v,1,19.707935837993375,0.6818003645020766,0
geodesic,142,rotate,1,17.638970333765208,0.6270602835534799,0
stock,142,flip_h,1,227.9103446307007,0.661202877269179,0
stock,142,flip_v,1,268.16021831673515,0.8423004797874128,1
stock,142,rotate,1,272.61468089966473,0.9709576558362978,1
geodesic,143,flip_h,1,7.989061683230549,0.7656880870381817,1
geodesic,143,flip_v,0,3.3508683024828487,0.07771701575536548,0
geodesic,143,rotate,0,3.405341574068121,0.42135052929255185,0
stock,143,flip_h,1,579.6841085118388,0.9788747183016154,1
stock,143,flip_v,0,805.1881667701235,0.9793279693588758,1
stock,143,rotate,0,830.7233929944589,0.97551448034385,1
geodesic,144,flip_h,1,16.794948244758878,0.5066296853369483,1
geodesic,144,flip_v,0,33.55374065433004,-0.5326086172981976,0
geodesic,144,rotate,1,28.92776133320215,-0.4601367661033907,0
stock,144,flip_h,1,387.9197223028648,0.9556294589810022,1
stock,144,flip_v,0,343.70852329727444,0.9561970185418748,1
stock,144,rotate,1,370.8877708344909,0.9597291152027415,1
geodesic,145,flip_h,1,4.94367298108871,0.6026366210522675,1
geodesic,145,flip_v,0,3.488663778761474,0.6461207528586507,0
geodesic,145,rotate,1,6.568700438834148,-0.7370186011002241,0
stock,145,flip_h,1,872.2081986089286,0.9981461795253422,1
stock,145,flip_v,0,900.9328142953731,0.998233814095486,1
stock,145,rotate,1,866.9946424008638,0.9351121447862485,1
geodesic,146,flip_h,0,12.969146681623975,-0.2229021009075775,0
geodesic,146,flip_v,1,5.084435165414776,0.7291102954651925,1
geodesic,146,rotate,0,5.767041776568465,0.42017315097555974,0
stock,146,flip_h,0,697.30416523899,0.9799967753456444,1
stock,146,flip_v,1,821.674305502404,0.9739634314842464,1
stock,146,rotate,0,817.3341078278464,0.9680944421456755,1
geodesic,147,flip_h,1,6.98640900658296,0.34726159499137504,0
geodesic,147,flip_v,0,38.24057320153389,0.6589494405241461,1
geodesic,147,rotate,1,6.640532124565409,0.42957661542901954,0
stock,147,flip_h,1,925.2651877290249,0.9686779390154535,1
stock,147,flip_v,0,1099.7151532237592,0.9818796335652983,1
stock,147,rotate,1,1000.90682539981,0.9892919567178319,1
geodesic,148,flip_h,1,2.2874421930255564,0.4377237550904957,0
geodesic,148,flip_v,0,1.929859959456274,0.5228325557853919,1
geodesic,148,rotate,0,1.8543941798758177,0.5287434686536054,0
stock,148,flip_h,1,975.531482521683,0.9758911503559011,1
stock,148,flip_v,0,1018.971447354253,0.9758017529746039,1
stock,148,rotate,0,1018.4549715897047,0.9770046446002738,1
geodesic,149,flip_h,0,2.9315992969674873,0.4011020815419385,0
geodesic,149,flip_v,0,3.474106415129486,0.5734224069461263,1
geodesic,149,rotate,1,2.902137608164576,0.6135976962628764,0
stock,149,flip_h,0,809.6776672298415,0.9781204597251746,1
stock,149,flip_v,0,777.5681303478616,0.973631310565749,1
stock,149,rotate,1,806.6576412491183,0.9817187082115626,1
geodesic,150,flip_h,1,52.72154693706242,0.7302018595960269,1
geodesic,150,flip_v,1,27.68471706458969,0.40116069907212826,0
geodesic,150,rotate,1,33.009949877035936,0.4059632158263771,0
stock,150,flip_h,1,193.10814241985037,0.9256047184662186,1
stock,150,flip_v,1,215.1460312434587,0.9709382832519913,1
stock,150,rotate,1,202.9324693471207,0.9660316649048122,1
geodesic,151,flip_h,1,5.08563453636637,0.5124588885699015,1
geodesic,151,flip_v,1,71.80251385925418,0.0197069704591513,0
geodesic,151,rotate,1,5.116478958081769,0.18177422640346305,0
stock,151,flip_h,1,1025.422883371843,0.9966168687320476,1
stock,151,flip_v,1,800.9175006019414,0.9653661630625551,1
stock,151,rotate,1,1017.0388020816192,0.8354771870868345,1
geodesic,152,flip_h,0,31.31017957562676,0.7938023063074724,1
geodesic,152,flip_v,1,11.815730193281983,0.5260840313072761,0
geodesic,152,rotate,1,10.808703196993028,0.5516053344385836,0
stock,152,flip_h,0,280.5892210977414,0.46022863712164463,0
stock,152,flip_v,1,408.57672711373846,0.9093460477176123,1
stock,152,rotate,1,411.98023255386664,0.9181590032421444,1
geodesic,153,flip_h,1,18.958214571577905,0.6573111399672782,1
geodesic,153,flip_v,1,15.497875118350674,0.5052285845278194,0
geodesic,153,rotate,1,18.618768766684852,-0.06151084500962486,0
stock,153,flip_h,1,294.203474458069,0.9813038121576195,1
stock,153,flip_v,1,300.17791528109433,0.9645300828004377,1
stock,153,rotate,1,288.10947775540774,0.9600213017699568,1
geodesic,154,flip_h,0,2.6338360849669407,0.5331091076042735,1
geodesic,154,flip_v,1,2.279493506666732,0.613118927172474,0
geodesic,154,rotate,0,7.8103301697350975,-0.518433768784914,0
stock,154,flip_h,0,1238.7349014881438,0.9834266982407888,1
stock,154,flip_v,1,1229.7719460601331,0.9802088824703803,1
stock,154,rotate,0,1388.3004822350956,0.9790912354901459,1
geodesic,155,flip_h,1,23.813137442646596,-0.16123576828553804,0
geodesic,155,flip_v,1,14.15703513020495,0.6586210096082722,0
geodesic,155,rotate,1,14.97256426961126,0.6808172302143279,1
stock,155,flip_h,1,266.82393184456134,0.968952580079181,1
stock,155,flip_v,1,281.1935793202014,0.9640784326748792,1
stock,155,rotate,1,275.71104834414336,0.9707869562655443,1
geodesic,156,flip_h,0,1.487016166144028,0.5687462530314126,0
geodesic,156,flip_v,0,1.355170961710749,0.5093092053142518,0
geodesic,156,rotate,1,10.421409667047993,0.6697647966223368,1
stock,156,flip_h,0,1975.8552869488071,0.9753856762452816,1
stock,156,flip_v,0,2008.9142509932312,0.974797450690217,1
stock,156,rotate,1,1599.014464458011,0.9781397690524986,1
geodesic,157,flip_h,0,1.1890419638033793,0.43879831160299493,0
geodesic,157,flip_v,1,1.8704754962671792,0.5870263149649712,1
geodesic,157,rotate,0,2.237419266490238,-0.5779785677360905,0
stock,157,flip_h,0,1778.2636974082586,0.9739036308414053,1
stock,157,flip_v,1,1731.9845674415515,0.9789195078354228,1
stock,157,rotate,0,1656.9244788497533,0.9730115380003437,1
geodesic,158,flip_h,0,3.2677648667914214,0.5424852363435758,0
geodesic,158,flip_v,0,2.355711054859864,0.18754925890185745,0
geodesic,158,rotate,1,6.255947762372082,0.7242478379077462,1
stock,158,flip_h,0,1403.927123861949,0.9730104467133451,1
stock,158,flip_v,0,1390.993491554856,0.9714544588463109,1
stock,158,rotate,1,981.4266979428612,0.9743127765958085,1
geodesic,159,flip_h,0,4.531214256484063,-0.7587646391266427,0
geodesic,159,flip_v,1,3.592445501146126,0.42793061599932886,0
geodesic,159,rotate,0,5.2238402591040956,0.5336277055489766,1
stock,159,flip_h,0,719.2007268082009,0.9803916047861648,1
stock,159,flip_v,1,737.2634873854176,0.9673407389617593,1
stock,159,rotate,0,670.9240541782144,0.9847643763335457,1
geodesic,160,flip_h,1,12.253435886528063,0.7519316655043987,1
geodesic,160,flip_v,1,51.76363342428456,0.380414366191783,0
geodesic,160,rotate,0,14.605191944755024,0.45169067258856194,0
stock,160,flip_h,1,759.7034011963976,0.9636510575603257,1
stock,160,flip_v,1,673.4253487443507,0.8451183527524049,1
stock,160,rotate,0,771.4261480942018,0.9721580014323066,1
geodesic,161,flip_h,1,8.230490072883185,0.49701497679285156,0
geodesic,161,flip_v,0,9.044534503813608,0.4378435413180003,0
geodesic,161,rotate,1,55.35048912219702,0.5701937250467447,1
stock,161,flip_h,1,460.1643442807282,0.8303866243916349,1
stock,161,flip_v,0,454.8007419561185,0.8885871542093295,1
stock,161,rotate,1,412.2712134251774,0.975634917208108,1
geodesic,162,flip_h,1,30.78021445100248,0.29328889816535675,0
geodesic,162,flip_v,1,22.13137719273189,0.5314869590585669,0
geodesic,162,rotate,0,42.39079986981102,0.6812576261942616,1
stock,162,flip_h,1,231.11089559883737,0.9643095165392881,1
stock,162,flip_v,1,246.8427501966685,0.9366478700948723,1
stock,162,rotate,0,234.68359020096784,0.9573873375182154,1
geodesic,163,flip_h,1,7.987321578432022,0.5455701930450854,1
geodesic,163,flip_v,1,5.5070490455812795,-0.20705319151708113,0
geodesic,163,rotate,0,6.294016148831027,0.48366307612087095,0
stock,163,flip_h,1,858.9279942004257,0.9738742760153682,1
stock,163,flip_v,1,866.2751114441737,0.9674682495952747,1
stock,163,rotate,0,843.2564304681422,0.9607856695207629,1
geodesic,164,flip_h,0,1.0783743168040083,0.4275843410828336,0
geodesic,164,flip_v,0,1.1774441774557003,0.42001744913007094,0
geodesic,164,rotate,1,5.878297403449331,0.3912817785325494,1
stock,164,flip_h,0,1834.8956661876514,0.9769691127867636,1
stock,164,flip_v,0,1819.7364561315444,0.9765737002888505,1
stock,164,rotate,1,847.9432455127069,0.9807623064087615,1
geodesic,165,flip_h,0,1.107447539474132,0.530334421837398,0
geodesic,165,flip_v,0,1.5353081717203338,-0.6783618588937903,0
geodesic,165,rotate,1,2.878177597607128,0.3984903148321825,1
stock,165,flip_h,0,1981.198906420945,0.9761176861121258,1
stock,165,flip_v,0,2016.4281908887915,0.9800235916807643,1
stock,165,rotate,1,1755.729301733305,0.9802594604078941,1
geodesic,166,flip_h,0,1.2853382164220177,0.5572687688668081,1
geodesic,166,flip_v,0,1.706540115334413,0.35858752982932185,0
geodesic,166,rotate,1,1.4419741045245889,0.4869298079927239,0
stock,166,flip_h,0,1619.7195667542082,0.9773790738102355,1
stock,166,flip_v,0,1607.277446018873,0.9831032813499188,1
stock,166,rotate,1,1583.8577940666619,0.9732600334240469,1
geodesic,167,flip_h,1,11.94729201319714,0.48020931502188874,1
geodesic,167,flip_v,1,6.045790075433575,0.3419990139453976,0
geodesic,167,rotate,1,4.808427232513565,0.43312901663160025,0
stock,167,flip_h,1,488.79570558223736,0.987949517534229,1
stock,167,flip_v,1,527.6920061337937,0.9931421010587127,1
stock,167,rotate,1,536.6043578117192,0.9791013022122784,1
geodesic,168,flip_h,1,112.25635793537906,0.41099817837277797,1
geodesic,168,flip_v,1,5.174178282704001,0.5018245904384362,0
geodesic,168,rotate,1,5.106446859743404,0.564922683026774,0
stock,168,flip_h,1,670.3324086195605,0.8280922871440402,1
stock,168,flip_v,1,944.9663616485478,0.9757409377529466,1
stock,168,rotate,1,932.1950667986363,0.9774769169871603,1
geodesic,169,flip_h,1,8.167174916799382,0.7375933564840277,1
geodesic,169,flip_v,1,7.318410156788964,0.3985888054271221,0
geodesic,169,rotate,1,5.864363158483145,0.28682564300359015,0
stock,169,flip_h,1,573.9037773010571,0.9952993966911671,1
stock,169,flip_v,1,570.9054904935497,0.8962762894264044,1
stock,169,rotate,1,572.2792501575684,0.9602721310366208,1
geodesic,170,flip_h,1,24.682382184097392,0.5786507222899986,1
geodesic,170,flip_v,1,6.073970379949719,0.5714411074410618,0
geodesic,170,rotate,1,5.151963188737881,-0.8936355841883369,0
stock,170,flip_h,1,499.18648801839964,0.9533821456669632,1
stock,170,flip_v,1,598.449272332388,0.9733573531007214,1
stock,170,rotate,1,591.0095917139084,0.9849254108734716,1
geodesic,171,flip_h,0,2.889626469213026,0.6168634829134556,1
geodesic,171,flip_v,1,2.2865933354892527,0.4822026908195374,0
geodesic,171,rotate,0,8.460427805215367,-0.3146013446466304,0
stock,171,flip_h,0,1261.3500170867853,0.976082268248544,1
stock,171,flip_v,1,1251.4404737631812,0.975508351656199,1
stock,171,rotate,0,1122.3858920490864,0.9797043369856016,1
geodesic,172,flip_h,1,11.058064400763403,0.6062828274124681,1
geodesic,172,flip_v,1,5.416557457929703,0.5389419295872611,0
geodesic,172,rotate,0,9.775237044628353,0.5876632195943944,0
stock,172,flip_h,1,811.4554523487434,0.9642195753706991,1
stock,172,flip_v,1,842.8006185521483,0.9873842960066436,1
stock,172,rotate,0,823.9294296207281,0.8509032378011148,1
geodesic,173,flip_h,1,8.380735189804,0.4514089146339077,0
geodesic,173,flip_v,0,9.134059623735485,0.6359791034971471,0
geodesic,173,rotate,1,60.45174908047865,0.6443095897129317,1
stock,173,flip_h,1,599.4295417964969,0.8746022191285849,1
stock,173,flip_v,0,597.527696085206,0.9534820278633362,1
stock,173,rotate,1,489.2476194295178,0.9858881271952846,1
geodesic,174,flip_h,1,11.037945130331293,0.5899267101280908,0
geodesic,174,flip_v,1,17.367465311362235,0.5771410754151842,1
geodesic,174,rotate,1,7.15318196785506,0.564314979514231,0
stock,174,flip_h,1,554.7843657073057,0.9704839957766628,1
stock,174,flip_v,1,573.8339405372521,0.9726147008534585,1
stock,174,rotate,1,636.0098266381422,0.9566906350016853,1
geodesic,175,flip_h,1,23.885673750581173,0.5937791871356336,0
geodesic,175,flip_v,1,102.7894183837956,0.6403260550504821,1
geodesic,175,rotate,1,20.401541767291683,0.6698805116292113,0
stock,175,flip_h,1,752.4740699986953,0.8711406718277468,1
stock,175,flip_v,1,433.5504962872675,0.8591847988667856,1
stock,175,rotate,1,645.3620101486198,0.9308632807574829,1
geodesic,176,flip_h,0,10.416189076804764,-0.7659252546587297,0
geodesic,176,flip_v,1,14.380680381748636,0.6553782067221303,1
geodesic,176,rotate,0,7.825135985431153,0.7174546749120142,0
stock,176,flip_h,0,627.3713345589995,0.9712848781934873,1
stock,176,flip_v,1,588.9406442722043,0.9651130557446406,1
stock,176,rotate,0,586.7375972674091,0.9717973011990919,1
geodesic,177,flip_h,1,19.515169787514616,0.6501866408976195,0
geodesic,177,flip_v,0,34.379045115080636,0.45158344280098334,0
geodesic,177,rotate,1,32.27322656467463,0.6976382233946224,1
stock,177,flip_h,1,425.9861060326909,0.9669647367923663,1
stock,177,flip_v,0,387.71175736192254,0.9533832929193613,1
stock,177,rotate,1,397.8779867706405,0.9775291506821506,1
geodesic,178,flip_h,1,21.006289308149576,0.8469377507126103,1
geodesic,178,flip_v,1,18.17100748602466,0.8061543939637564,1
geodesic,178,rotate,1,79.19208716359269,0.5825158636763644,0
stock,178,flip_h,1,506.9557554811358,0.9554095188095415,1
stock,178,flip_v,1,593.4876531398722,0.8693098906160657,1
stock,178,rotate,1,488.8659373055011,0.7434314595185616,1
geodesic,179,flip_h,1,11.73719113926272,0.5776775972005115,0
geodesic,179,flip_v,1,11.246322517559362,0.6403427755387375,0
geodesic,179,rotate,0,31.002292053522943,0.7437436356657913,1
stock,179,flip_h,1,424.05689356249457,0.954613793172465,1
stock,179,flip_v,1,453.69367354229144,0.9770667940976534,1
stock,179,rotate,0,463.48560609545586,0.9780332999038072,1
geodesic,180,flip_h,1,5.00786476038478,0.5722419552463281,1
geodesic,180,flip_v,0,12.778788879151403,-0.37901117660819467,0
geodesic,180,rotate,0,4.639921611900093,0.5057384157235277,0
stock,180,flip_h,1,896.3151639980972,0.9707832906986811,1
stock,180,flip_v,0,882.3108332814504,0.964605869683884,1
stock,180,rotate,0,883.2213248591596,0.9754561832707123,1
geodesic,181,flip_h,1,5.913522394930352,0.34810047076860584,0
geodesic,181,flip_v,1,5.6851332860898225,0.49989214987204006,0
geodesic,181,rotate,1,21.756648309164845,0.7588654743365603,1
stock,181,flip_h,1,442.6748120332531,0.9941532542003023,1
stock,181,flip_v,1,436.63864094572114,0.9684927104261105,1
stock,181,rotate,1,331.99330380141316,0.9016700672968171,1
geodesic,182,flip_h,1,13.74701894863175,0.5671764125477755,0
geodesic,182,flip_v,1,64.2403908758312,0.7103993543735481,1
geodesic,182,rotate,0,16.12668141745485,-0.7131313149541756,0
stock,182,flip_h,1,535.566254742593,0.9694527824446992,1
stock,182,flip_v,1,355.47802129827113,0.9465112071554188,1
stock,182,rotate,0,554.4265640395695,0.9741016120636482,1
geodesic,183,flip_h,1,28.37718395182155,-0.5893616476131339,0
geodesic,183,flip_v,0,24.219104219975737,0.5691139415377217,1
geodesic,183,rotate,1,16.323749511374086,0.4945980564232154,0
stock,183,flip_h,1,250.33741917517688,0.8595791250961349,1
stock,183,flip_v,0,269.9198674738252,0.9755809411609189,1
stock,183,rotate,1,274.32235013623523,0.9697860397116206,1
geodesic,184,flip_h,1,13.43529650240109,0.6535850312105741,0
geodesic,184,flip_v,1,12.358769123641423,0.5992382749878254,0
geodesic,184,rotate,1,54.29855185986288,0.5078776806479134,1
stock,184,flip_h,1,652.1712911005675,0.7144301399680862,1
stock,184,flip_v,1,607.6210839959804,0.8478169878281429,1
stock,184,rotate,1,420.0508096558486,0.7696665133402915,1
geodesic,185,flip_h,1,18.20683138163556,0.45431942824943705,1
geodesic,185,flip_v,0,15.217475931569243,0.2823047398149877,0
geodesic,185,rotate,1,10.202874128379568,0.30931611431239375,0
stock,185,flip_h,1,327.5734812004645,0.7739166099982074,1
stock,185,flip_v,0,336.84127675617685,0.9450095810997733,1
stock,185,rotate,1,340.47474415630927,0.7654359116282251,1
geodesic,186,flip_h,1,7.823211408861376,0.42874302436363265,0
geodesic,186,flip_v,1,93.2620925407815,0.5530613850939435,1
geodesic,186,rotate,1,8.258392084001695,0.5178248808056255,0
stock,186,flip_h,1,560.224381247398,0.9271918700730998,1
stock,186,flip_v,1,345.49461444947366,0.7883965317795218,1
stock,186,rotate,1,552.885248011374,0.890935520099067,1
geodesic,187,flip_h,0,2.0887049217296108,0.47322819079178935,0
geodesic,187,flip_v,1,4.912725855015602,0.6429524654596303,1
geodesic,187,rotate,0,3.348224349832759,0.601838261564904,0
stock,187,flip_h,0,1266.5854521886074,0.9744896130742988,1
stock,187,flip_v,1,1235.6589764454147,0.975404419977301,1
stock,187,rotate,0,1200.0500245376254,0.9797753912516233,1
geodesic,188,flip_h,1,2.575144312080651,0.5671897575309957,0
geodesic,188,flip_v,0,2.587414809013541,0.5670549514086464,1
geodesic,188,rotate,0,3.7588712101619883,-0.45541349690576755,0
stock,188,flip_h,1,1305.940230398067,0.9661198748787592,1
stock,188,flip_v,0,1312.6581433205197,0.9777117914298107,1
stock,188,rotate,0,1259.610890487338,0.9791650794464372,1
geodesic,189,flip_h,0,1.6913756990515822,-0.7455576929255906,0
geodesic,189,flip_v,1,10.509919495171978,0.508966009306134,1
geodesic,189,rotate,0,1.666546059132079,0.42782936459105275,0
stock,189,flip_h,0,1387.3126699029874,0.9773177502837669,1
stock,189,flip_v,1,552.2285998987865,0.9745655423695814,1
stock,189,rotate,0,1352.6517009819356,0.9793431119098861,1
geodesic,190,flip_h,1,9.91405809803868,0.6668319437211576,0
geodesic,190,flip_v,1,33.912958078364994,0.5122480619102445,1
geodesic,190,rotate,1,13.199993570605772,0.5024694726347785,0
stock,190,flip_h,1,522.831263888658,0.8554563097509282,1
stock,190,flip_v,1,495.92090090405395,0.9549663030221165,1
stock,190,rotate,1,556.59264519059,0.8475249747226727,1
geodesic,191,flip_h,0,8.639224592129844,0.47609923048393193,1
geodesic,191,flip_v,1,6.502965011839749,0.426679036211331,0
geodesic,191,rotate,0,6.578931698488679,0.4490378650070067,0
stock,191,flip_h,0,303.70934110877766,0.96454475732271,1
stock,191,flip_v,1,307.4806717957265,0.9654336440672556,1
stock,191,rotate,0,306.9700984426399,0.9733100804568794,1
geodesic,192,flip_h,1,1.7772969068135285,0.5846558912569323,0
geodesic,192,flip_v,0,1.5954977929957765,0.3707845816251153,0
geodesic,192,rotate,0,4.23771112258048,0.7482744915672301,1
stock,192,flip_h,1,1408.925370212694,0.9750948582715537,1
stock,192,flip_v,0,1411.3796341610705,0.9788091797274995,1
stock,192,rotate,0,1331.4031326216475,0.977266855971827,1
geodesic,193,flip_h,1,19.630818742938935,-0.7606555738196333,0
geodesic,193,flip_v,0,44.15649814994539,-0.8078970287717939,0
geodesic,193,rotate,1,14.816485375528687,0.5681820174517784,1
stock,193,flip_h,1,709.175685408155,0.93586580235638,1
stock,193,flip_v,0,805.9100221397289,0.9545980421491972,1
stock,193,rotate,1,721.0855994075962,0.9517872742864036,1
geodesic,194,flip_h,1,8.190302923756168,0.4843590500784762,1
geodesic,194,flip_v,0,4.077554235286705,0.6607004911958034,0
geodesic,194,rotate,1,7.229823019851194,0.3829374151440718,0
stock,194,flip_h,1,716.9564082979117,0.90274707313711,1
stock,194,flip_v,0,824.8063955848224,0.8175627047175323,1
stock,194,rotate,1,826.0395382942071,0.9776484459560029,1
geodesic,195,flip_h,1,9.355085510835107,0.5786869349175148,0
geodesic,195,flip_v,1,8.245124736812805,0.535949455189286,0
geodesic,195,rotate,1,19.88910144357043,0.5154685976231377,1
stock,195,flip_h,1,360.9020861520113,0.8347277152769802,1
stock,195,flip_v,1,367.81340325652843,0.9716414669586856,1
stock,195,rotate,1,344.664659377858,0.8938168860703031,1
geodesic,196,flip_h,0,4.404873084764197,0.4540787861594851,1
geodesic,196,flip_v,0,1.7472045275996866,0.674156410450581,0
geodesic,196,rotate,1,1.5980123598687581,0.6536855374482384,0
stock,196,flip_h,0,1934.2559507494589,0.9773255765354272,1
stock,196,flip_v,0,2078.6272742225196,0.9785899534861358,1
stock,196,rotate,1,1923.1956458798936,0.976010556433933,1
geodesic,197,flip_h,1,10.741931021503742,0.6647964242229315,1
geodesic,197,flip_v,0,4.891119011209462,0.6818810773835726,0
geodesic,197,rotate,0,3.9967239182259124,0.5310038370563215,0
stock,197,flip_h,1,611.5524361725675,0.9773756071127897,1
stock,197,flip_v,0,733.3569311986787,0.98012046066679,1
stock,197,rotate,0,741.5538657122486,0.9707478440521176,1
geodesic,198,flip_h,1,44.701792762225594,0.5503705739251143,1
geodesic,198,flip_v,1,10.129593993002832,0.4933763994519375,0
geodesic,198,rotate,0,8.56541321615498,0.5448008310439073,0
stock,198,flip_h,1,532.5364419949341,0.9805657911183795,1
stock,198,flip_v,1,664.0089385008878,0.9052247859634477,1
stock,198,rotate,0,654.7768774156355,0.8391260120325832,1
geodesic,199,flip_h,1,95.02944011780313,0.7454741824782583,1
geodesic,199,flip_v,1,42.9981248695194,0.6440829331592335,0
geodesic,199,rotate,1,60.806673847942506,0.7287288616907397,1
stock,199,flip_h,1,222.26382457381516,0.8083507459704083,1
stock,199,flip_v,1,279.0478064289027,0.8405426347184622,1
stock,199,rotate,1,294.8229967024936,0.7335101819924718,1
geodesic,200,flip_h,1,147.1985471935745,-0.7428774233852078,0
geodesic,200,flip_v,1,19.23307747344363,0.6906204834412786,1
geodesic,200,rotate,0,20.30372943954945,0.5129059984937553,0
stock,200,flip_h,1,398.9016042744113,0.974989030781486,1
stock,200,flip_v,1,543.9430135431714,0.9747154683224915,1
stock,200,rotate,0,557.026171226499,0.8675100533344225,1
